{"disconnect_count": {"mean": 2.6504507789956184, "std": 6.552780306990281}, "usage": {"mean": 8.86250877060342, "std": 11.273424190526738}, "payment": {"mean": 25315.31388345938, "std": 42156.419048998396}, "total_call_count": {"mean": 0.213389355493144, "std": 0.816778772059442}, "problem_call_count": {"mean": 0.14687360324480825, "std": 0.7482228480566427}, "traffic_tag": {"mean": 1.3354273079491723, "std": 0.6952022764619894}}